{
  "train_loss": [
    0.03858924685888479,
    0.037056534585014136,
    0.03647768400512773,
    0.03603698523875819,
    0.03563842383350622,
    0.035292683296386074,
    0.034905980863347896,
    0.03455824666021632,
    0.03417134690496266,
    0.03377170196049527,
    0.03331517217676132,
    0.03281225137010067,
    0.032236326777593076,
    0.03161676083317017
  ],
  "val_loss": [
    0.037264771793830136,
    0.03658886142449463,
    0.036226216659973214,
    0.037118883791006786,
    0.036185947903611355,
    0.036172169377681,
    0.03598341539539584,
    0.03618780760035243,
    0.03586535275269493,
    0.036257467911246434,
    0.0363593258562699,
    0.03644588683892534,
    0.03714313471948781,
    0.03832881822807705
  ]
}