{
  "Lung Opacity_auroc": 0.7361199032084645,
  "Lung Opacity_f1": 0.6759718775847808,
  "Lung Opacity_precision": 0.6576141621404143,
  "Lung Opacity_recall": 0.6953839608593916,
  "Pleural Effusion_auroc": 0.8755317244936123,
  "Pleural Effusion_f1": 0.7563556744921542,
  "Pleural Effusion_precision": 0.7107097954051892,
  "Pleural Effusion_recall": 0.8082672559469648,
  "Atelectasis_auroc": 0.6991277078124681,
  "Atelectasis_f1": 0.2456614829839982,
  "Atelectasis_precision": 0.38900785153461814,
  "Atelectasis_recall": 0.1795125164690382,
  "Pneumothorax_auroc": 0.8750468229739041,
  "Pneumothorax_f1": 0.5283744789996794,
  "Pneumothorax_precision": 0.6054371785451874,
  "Pneumothorax_recall": 0.46871444823663255,
  "Pneumonia_auroc": 0.7536635592367332,
  "Pneumonia_f1": 0.1282051282051282,
  "Pneumonia_precision": 0.14066496163682865,
  "Pneumonia_recall": 0.11777301927194861,
  "macro_auroc": 0.7878979435450364,
  "macro_f1": 0.4669137284531482,
  "macro_precision": 0.5006867898524475,
  "macro_recall": 0.4539302401567952
}