{
  "Lung Opacity_auroc": 0.7310948235017932,
  "Lung Opacity_f1": 0.69052734375,
  "Lung Opacity_precision": 0.6382921104892579,
  "Lung Opacity_recall": 0.7520740268028079,
  "Pleural Effusion_auroc": 0.8741776360197696,
  "Pleural Effusion_f1": 0.7519197423829577,
  "Pleural Effusion_precision": 0.7180366646954465,
  "Pleural Effusion_recall": 0.7891589756921877,
  "Atelectasis_auroc": 0.6952623168151351,
  "Atelectasis_f1": 0.11693895098882201,
  "Atelectasis_precision": 0.4503311258278146,
  "Atelectasis_recall": 0.06719367588932806,
  "Pneumothorax_auroc": 0.867633248296057,
  "Pneumothorax_f1": 0.5294447560291643,
  "Pneumothorax_precision": 0.5221238938053098,
  "Pneumothorax_recall": 0.5369738339021616,
  "Pneumonia_auroc": 0.7363060627745888,
  "Pneumonia_f1": 0.06293706293706294,
  "Pneumonia_precision": 0.17142857142857143,
  "Pneumonia_recall": 0.03854389721627409,
  "macro_auroc": 0.7808948174814688,
  "macro_f1": 0.4303535712176014,
  "macro_precision": 0.5000424732492801,
  "macro_recall": 0.4367888819005518
}