{
  "train_loss": [
    0.500312920116899,
    0.47987391482695463,
    0.470694309215949,
    0.4634283486647622,
    0.45691713788726024,
    0.45159827544037223,
    0.44548630403663647,
    0.4391617327647742,
    0.43170778941319415,
    0.42419308117611126
  ],
  "val_loss": [
    0.48116093933881826,
    0.4720619554994893,
    0.4671032311928332,
    0.4647438797219914,
    0.46227860380856434,
    0.467990965100389,
    0.46904129129358674,
    0.4648928010284002,
    0.4694326484522828,
    0.47486871525869895
  ]
}