{
  "Lung Opacity_auroc": 0.7310988198266215,
  "Lung Opacity_f1": 0.31275372124492556,
  "Lung Opacity_precision": 0.7634186622625929,
  "Lung Opacity_recall": 0.19666028504573496,
  "Pleural Effusion_auroc": 0.8742086691601789,
  "Pleural Effusion_f1": 0.6049744577506071,
  "Pleural Effusion_precision": 0.8502824858757062,
  "Pleural Effusion_recall": 0.4695177434030937,
  "Atelectasis_auroc": 0.7010242251382612,
  "Atelectasis_f1": 0.005249343832020997,
  "Atelectasis_precision": 0.6666666666666666,
  "Atelectasis_recall": 0.002635046113306983,
  "Pneumothorax_auroc": 0.8781836260773546,
  "Pneumothorax_f1": 0.24709302325581395,
  "Pneumothorax_precision": 0.8333333333333334,
  "Pneumothorax_recall": 0.14505119453924914,
  "Pneumonia_auroc": 0.742831332416869,
  "Pneumonia_f1": 0.012711864406779662,
  "Pneumonia_precision": 0.6,
  "Pneumonia_recall": 0.006423982869379015,
  "macro_auroc": 0.7854693345238569,
  "macro_f1": 0.23655648209802949,
  "macro_precision": 0.7427402296276598,
  "macro_recall": 0.1640576503941528
}