{
  "train_loss": [
    0.500164582589064,
    0.4793646846534419,
    0.470823215186546,
    0.4632831148154272,
    0.4573484753606407,
    0.4506025501344372,
    0.44538617773072003,
    0.43852635145724017,
    0.4310420052658523,
    0.42396567860802314,
    0.4149248560631595,
    0.40592598361922566
  ],
  "val_loss": [
    0.4839837308505073,
    0.4759228512070686,
    0.4652757411526276,
    0.464767221479959,
    0.46516074028047083,
    0.4676118456139237,
    0.46452293628623936,
    0.4653707050797927,
    0.46611350435308074,
    0.4695269000689987,
    0.47803197044823037,
    0.48811056376302264
  ]
}