{
  "train_loss": [
    0.5075910629289634,
    0.4891778221619089,
    0.4816917223135131,
    0.47531839700999173,
    0.47115800484166276,
    0.4668062925026744,
    0.4636599306372841,
    0.4595207545338464,
    0.456642830847346,
    0.4529151380611225,
    0.4495374087175632,
    0.4459566937157357,
    0.44253064180963003
  ],
  "val_loss": [
    0.482894013924415,
    0.4848756736247384,
    0.47219801063913,
    0.4688624828504757,
    0.4693802173313384,
    0.4717750266269224,
    0.46480685342696043,
    0.4627419321780628,
    0.46895632951503224,
    0.46621507551003144,
    0.4659884775703277,
    0.46301455967989397,
    0.46757050305355335
  ]
}