{
  "Lung Opacity_auroc": 0.7358660461300653,
  "Lung Opacity_f1": 0.690163281561131,
  "Lung Opacity_precision": 0.6486992326408385,
  "Lung Opacity_recall": 0.7372899383109977,
  "Pleural Effusion_auroc": 0.8776235392977647,
  "Pleural Effusion_f1": 0.755437866464914,
  "Pleural Effusion_precision": 0.7334720861900098,
  "Pleural Effusion_recall": 0.7787599116079553,
  "Atelectasis_auroc": 0.7016293267331717,
  "Atelectasis_f1": 0.06131929389903995,
  "Atelectasis_precision": 0.5129533678756477,
  "Atelectasis_recall": 0.03260869565217391,
  "Pneumothorax_auroc": 0.8712267373200829,
  "Pneumothorax_f1": 0.44834307992202727,
  "Pneumothorax_precision": 0.7125154894671624,
  "Pneumothorax_recall": 0.32707622298065986,
  "Pneumonia_auroc": 0.7540126912383897,
  "Pneumonia_f1": 0.008438818565400843,
  "Pneumonia_precision": 0.2857142857142857,
  "Pneumonia_recall": 0.004282655246252677,
  "macro_auroc": 0.7880716681438948,
  "macro_f1": 0.39274046808250257,
  "macro_precision": 0.5786708923775888,
  "macro_recall": 0.3760034847596079
}