{
  "Lung Opacity_auroc": 0.7281416436102296,
  "Lung Opacity_f1": 0.6676389395281004,
  "Lung Opacity_precision": 0.6541798509747881,
  "Lung Opacity_recall": 0.6816634758562008,
  "Pleural Effusion_auroc": 0.8750986162340919,
  "Pleural Effusion_f1": 0.7396395211156427,
  "Pleural Effusion_precision": 0.7487015581302437,
  "Pleural Effusion_recall": 0.7307942285194332,
  "Atelectasis_auroc": 0.7005479893853579,
  "Atelectasis_f1": 0.16609180153886974,
  "Atelectasis_precision": 0.42701227830832195,
  "Atelectasis_recall": 0.10309617918313571,
  "Pneumothorax_auroc": 0.8717651974206124,
  "Pneumothorax_f1": 0.5276854928017719,
  "Pneumothorax_precision": 0.5140237324703344,
  "Pneumothorax_recall": 0.5420932878270762,
  "Pneumonia_auroc": 0.7404329673450984,
  "Pneumonia_f1": 0.07641196013289037,
  "Pneumonia_precision": 0.17037037037037037,
  "Pneumonia_recall": 0.04925053533190578,
  "macro_auroc": 0.7831972827990781,
  "macro_f1": 0.43549354302345494,
  "macro_precision": 0.5028575580508117,
  "macro_recall": 0.4213795413435504
}