{
  "train_loss": [
    0.5022484339848535,
    0.48219903194699654,
    0.47372713297530633,
    0.4663134831030365,
    0.4610047663001958,
    0.4559127270389142,
    0.4505875096960583,
    0.4446149915519172,
    0.4392803757197194,
    0.4328192492862742,
    0.4260562597251368
  ],
  "val_loss": [
    0.4836166380238493,
    0.4786162196691312,
    0.4669489430223078,
    0.46563990142077855,
    0.46181224333980375,
    0.4610665480994699,
    0.46455440084938227,
    0.46414364996667284,
    0.46361539681353164,
    0.4678830539860717,
    0.4749464029742645
  ]
}