{
  "Lung Opacity_auroc": 0.734187068919072,
  "Lung Opacity_f1": 0.6963481261382153,
  "Lung Opacity_precision": 0.6337229588276343,
  "Lung Opacity_recall": 0.7727079344820251,
  "Pleural Effusion_auroc": 0.8761419802629683,
  "Pleural Effusion_f1": 0.7406575993661693,
  "Pleural Effusion_precision": 0.7525828525426003,
  "Pleural Effusion_recall": 0.7291043806057455,
  "Atelectasis_auroc": 0.6987012676577569,
  "Atelectasis_f1": 0.20004808848280836,
  "Atelectasis_precision": 0.37043633125556547,
  "Atelectasis_recall": 0.1370223978919631,
  "Pneumothorax_auroc": 0.8764393780636621,
  "Pneumothorax_f1": 0.5494059692842654,
  "Pneumothorax_precision": 0.5599527466036621,
  "Pneumothorax_recall": 0.5392491467576792,
  "Pneumonia_auroc": 0.7435711912151793,
  "Pneumonia_f1": 0.07345575959933222,
  "Pneumonia_precision": 0.16666666666666666,
  "Pneumonia_recall": 0.047109207708779445,
  "macro_auroc": 0.7858081772237278,
  "macro_f1": 0.4519831085741582,
  "macro_precision": 0.4966723111792257,
  "macro_recall": 0.44503861348923845
}