{
  "train_loss": [
    0.37436523277256356,
    0.36047269669447213,
    0.3544602474007425,
    0.3499444654738683,
    0.34551041388269543,
    0.3413975906513095,
    0.33785838266862694,
    0.3340402592216904,
    0.3292699784471012,
    0.32471855369145347,
    0.31945491187162134
  ],
  "val_loss": [
    0.3636257206425196,
    0.3575586180890625,
    0.3543716853787152,
    0.3501141643404362,
    0.35002038149877607,
    0.3483569140809665,
    0.3505697913804845,
    0.3500760071840718,
    0.35122398315761955,
    0.35466185459239996,
    0.3549708325160009
  ]
}