{
  "Lung Opacity_auroc": 0.7194149310282576,
  "Lung Opacity_f1": 0.684479106489505,
  "Lung Opacity_precision": 0.6252418645558487,
  "Lung Opacity_recall": 0.7561157200595618,
  "Pleural Effusion_auroc": 0.8656547440090602,
  "Pleural Effusion_f1": 0.7395298739149718,
  "Pleural Effusion_precision": 0.7213844252163164,
  "Pleural Effusion_recall": 0.7586117249447549,
  "Atelectasis_auroc": 0.6733209699206706,
  "Atelectasis_f1": 0.0006581112207963146,
  "Atelectasis_precision": 0.3333333333333333,
  "Atelectasis_recall": 0.00032938076416337287,
  "Pneumothorax_auroc": 0.8402352577731383,
  "Pneumothorax_f1": 0.2605080831408776,
  "Pneumothorax_precision": 0.6928746928746928,
  "Pneumothorax_recall": 0.16040955631399317,
  "Pneumonia_auroc": 0.7142427242430551,
  "Pneumonia_f1": 0.0,
  "Pneumonia_precision": 0.0,
  "Pneumonia_recall": 0.0,
  "macro_auroc": 0.7625737253948364,
  "macro_f1": 0.3370350349532302,
  "macro_precision": 0.4745668631960382,
  "macro_recall": 0.3350932764164946
}