{
  "train_loss": [
    0.4215591197811579,
    0.40442074745444195,
    0.3961367087947264,
    0.38933749075735635,
    0.38475668424712356,
    0.38180100551215146,
    0.3791334332439618,
    0.37692237209522444,
    0.375125688380582,
    0.3736577905726992,
    0.3726222737937217,
    0.3709857735901422,
    0.36982385584245275,
    0.369091169643442,
    0.3681563150131423,
    0.3673270349819806,
    0.3664262630295015,
    0.36600100068403546,
    0.36510093999992266,
    0.36424218699136374
  ],
  "val_loss": [
    0.4147473505294103,
    0.3922109305858612,
    0.41241517677978057,
    0.3796016612344451,
    0.38042392113699985,
    0.3817317505777381,
    0.37963507837386584,
    0.3683142214763903,
    0.3708891946466724,
    0.37596781564317955,
    0.36962258546196636,
    0.36925457338092715,
    0.36346003632848983,
    0.3652407075691862,
    0.36659188910545015,
    0.36234525589887023,
    0.3607619517113096,
    0.3614864832092969,
    0.36295081063530954,
    0.36048652546190135
  ]
}